# Host: localhost  (Version 5.5.5-10.1.13-MariaDB)
# Date: 2019-01-27 19:06:59
# Generator: MySQL-Front 6.1  (Build 1.26)


#
# Structure for table "tbl_admin"
#

DROP TABLE IF EXISTS `tbl_admin`;
CREATE TABLE `tbl_admin` (
  `id` int(11) NOT NULL AUTO_INCREMENT,
  `user` varchar(255) COLLATE utf8_unicode_ci NOT NULL,
  `nama_user` varchar(255) COLLATE utf8_unicode_ci DEFAULT NULL,
  `password` varchar(255) COLLATE utf8_unicode_ci NOT NULL,
  `email` varchar(35) COLLATE utf8_unicode_ci NOT NULL,
  `foto` varchar(255) COLLATE utf8_unicode_ci DEFAULT NULL,
  PRIMARY KEY (`id`)
) ENGINE=InnoDB AUTO_INCREMENT=3 DEFAULT CHARSET=utf8 COLLATE=utf8_unicode_ci;

#
# Data for table "tbl_admin"
#

INSERT INTO `tbl_admin` VALUES (1,'ibrahim','Ibrahim Ahmad Jabar','F1C083E61B32D3A9BE76BC21266B0648','ibrahim.ahmad58@gmail.com',NULL),(2,'admin',NULL,'admin','admin@email.com',NULL);

#
# Structure for table "tbl_anggota"
#

DROP TABLE IF EXISTS `tbl_anggota`;
CREATE TABLE `tbl_anggota` (
  `id` int(11) NOT NULL AUTO_INCREMENT,
  `nama` varchar(45) NOT NULL,
  `alamat` text NOT NULL,
  `notelp` varchar(13) NOT NULL,
  `foto` varchar(255) DEFAULT NULL,
  PRIMARY KEY (`id`)
) ENGINE=InnoDB AUTO_INCREMENT=58 DEFAULT CHARSET=latin1;

#
# Data for table "tbl_anggota"
#

INSERT INTO `tbl_anggota` VALUES (1,'Ibrahim Ahmad Jabar','RT 02','-','1611502376.jpg'),(3,'Achmad Fauzan','RT 03','-','user_default.jpg'),(4,'Lulu Mujadidah','RT 01','-','user_default.jpg'),(5,'Padlan Imaduddin','RT 03','-','user_default.jpg'),(6,'Tamimma Riziq','RT 01','-','user_default.jpg'),(7,'Ihda Malik Al-Ardla','RT 01','-','user_default.jpg'),(8,'Lingga Asa Prabowo','RT 02','-','user_default.jpg'),(9,'Habsari Nursholihah','RT 03','-','user_default.jpg'),(10,'Amalia Tussholihah','RT 03','-','user_default.jpg'),(11,'Nufur Sabilillah','RT 01','-','user_default.jpg'),(12,'Rara Zakiah','RT 01','-','user_default.jpg'),(13,'Ranni Willian','RT 01','-','user_default.jpg'),(15,'Qashratu Thorfi Ainun','RT 01','-','user_default.jpg'),(16,'Inka Marliana Putri','RT 03','-','user_default.jpg'),(18,'Hesti Ningrum','RT 01','-','user_default.jpg'),(19,'Irsyad Waliuddin','RT 02','-','user_default.jpg'),(20,'Siska Feronika','RT 02','-','user_default.jpg'),(21,'Alvina Anggraeni','RT 01','-','user_default.jpg'),(22,'Abdurrahman Al Faruq','RT 03','-','user_default.jpg'),(23,'Nurlia Rahmawati','RT 03','-','user_default.jpg'),(44,'Ridho Kurnia Aminulloh','RT 01','-','user_default.jpg'),(45,'Rozak Vrisando','RT 02','-','user_default.jpg'),(46,'Bella Silvia Lestari','RT 01','-','user_default.jpg'),(47,'Muhammad Ilham Fauzi','RT 02','-','user_default.jpg'),(48,'Rafida Ramadhani','RT 01','-','user_default.jpg'),(49,'Naufal Dimas','RT 02','-','user_default.jpg'),(50,'Istiqomah','RT 01','-','user_default.jpg'),(53,'Mutiara Sari','RT 03','-','user_default.jpg'),(54,'Ahmad Auzan Varian','RT 01','-','user_default.jpg'),(55,'Dhea Fitria','RT 03','-','user_default.jpg'),(56,'Rosdianatul Jannah','RT 03','-','user_default.jpg'),(57,'Kautsaroh Alfi Naimah','RT 03','-','user_default.jpg');

#
# Structure for table "tbl_kehadiran"
#

DROP TABLE IF EXISTS `tbl_kehadiran`;
CREATE TABLE `tbl_kehadiran` (
  `id_tgl` int(11) NOT NULL,
  `id` int(11) NOT NULL,
  `tanggal` date NOT NULL,
  `hadir` enum('Hadir','Alpha') NOT NULL,
  `id_muhadir` varchar(50) NOT NULL DEFAULT '',
  KEY `ID` (`id`)
) ENGINE=InnoDB DEFAULT CHARSET=latin1;

#
# Data for table "tbl_kehadiran"
#

INSERT INTO `tbl_kehadiran` VALUES (1,3,'2018-02-10','Hadir','1'),(1,10,'2018-02-10','Hadir','1'),(1,9,'2018-02-10','Hadir','1'),(1,1,'2018-02-10','Hadir','1'),(1,7,'2018-02-10','Hadir','1'),(1,16,'2018-02-10','Hadir','1'),(1,17,'2018-02-10','Hadir','1'),(1,14,'2018-02-10','Hadir','1'),(1,8,'2018-02-10','Hadir','1'),(1,4,'2018-02-10','Hadir','1'),(1,11,'2018-02-10','Hadir','1'),(1,5,'2018-02-10','Hadir','1'),(1,15,'2018-02-10','Hadir','1'),(1,13,'2018-02-10','Hadir','1'),(1,12,'2018-02-10','Hadir','1'),(1,6,'2018-02-10','Hadir','1'),(2,22,'2018-02-17','Hadir','2'),(2,3,'2018-02-17','Hadir','2'),(2,21,'2018-02-17','Hadir','2'),(2,10,'2018-02-17','Hadir','2'),(2,9,'2018-02-17','Hadir','2'),(2,18,'2018-02-17','Hadir','2'),(2,1,'2018-02-17','Hadir','2'),(2,7,'2018-02-17','Hadir','2'),(2,16,'2018-02-17','Hadir','2'),(2,19,'2018-02-17','Hadir','2'),(2,14,'2018-02-17','Hadir','2'),(2,8,'2018-02-17','Hadir','2'),(2,4,'2018-02-17','Alpha','2'),(2,11,'2018-02-17','Hadir','2'),(2,23,'2018-02-17','Hadir','2'),(2,5,'2018-02-17','Hadir','2'),(2,15,'2018-02-17','Hadir','2'),(2,13,'2018-02-17','Alpha','2'),(2,12,'2018-02-17','Hadir','2'),(2,20,'2018-02-17','Hadir','2'),(2,6,'2018-02-17','Hadir','2'),(3,22,'2018-02-24','Alpha','3'),(3,3,'2018-02-24','Hadir','3'),(3,21,'2018-02-24','Alpha','3'),(3,10,'2018-02-24','Hadir','3'),(3,46,'2018-02-24','Hadir','3'),(3,9,'2018-02-24','Hadir','3'),(3,18,'2018-02-24','Alpha','3'),(3,1,'2018-02-24','Hadir','3'),(3,7,'2018-02-24','Hadir','3'),(3,16,'2018-02-24','Hadir','3'),(3,19,'2018-02-24','Alpha','3'),(3,14,'2018-02-24','Hadir','3'),(3,8,'2018-02-24','Hadir','3'),(3,4,'2018-02-24','Alpha','3'),(3,47,'2018-02-24','Hadir','3'),(3,11,'2018-02-24','Hadir','3'),(3,23,'2018-02-24','Alpha','3'),(3,5,'2018-02-24','Hadir','3'),(3,15,'2018-02-24','Hadir','3'),(3,13,'2018-02-24','Alpha','3'),(3,12,'2018-02-24','Hadir','3'),(3,44,'2018-02-24','Hadir','3'),(3,45,'2018-02-24','Hadir','3'),(3,20,'2018-02-24','Alpha','3'),(3,6,'2018-02-24','Hadir','3'),(4,22,'2018-03-03','Hadir','4'),(4,3,'2018-03-03','Hadir','4'),(4,21,'2018-03-03','Alpha','4'),(4,10,'2018-03-03','Alpha','4'),(4,46,'2018-03-03','Alpha','4'),(4,9,'2018-03-03','Alpha','4'),(4,18,'2018-03-03','Alpha','4'),(4,1,'2018-03-03','Hadir','4'),(4,7,'2018-03-03','Hadir','4'),(4,16,'2018-03-03','Hadir','4'),(4,19,'2018-03-03','Hadir','4'),(4,14,'2018-03-03','Hadir','4'),(4,8,'2018-03-03','Hadir','4'),(4,4,'2018-03-03','Alpha','4'),(4,47,'2018-03-03','Hadir','4'),(4,49,'2018-03-03','Hadir','4'),(4,11,'2018-03-03','Hadir','4'),(4,23,'2018-03-03','Alpha','4'),(4,5,'2018-03-03','Hadir','4'),(4,15,'2018-03-03','Hadir','4'),(4,48,'2018-03-03','Hadir','4'),(4,13,'2018-03-03','Alpha','4'),(4,12,'2018-03-03','Hadir','4'),(4,44,'2018-03-03','Alpha','4'),(4,45,'2018-03-03','Hadir','4'),(4,20,'2018-03-03','Alpha','4'),(4,6,'2018-03-03','Hadir','4'),(5,22,'2018-03-10','Hadir','1'),(5,3,'2018-03-10','Hadir','1'),(5,21,'2018-03-10','Hadir','1'),(5,10,'2018-03-10','Hadir','1'),(5,46,'2018-03-10','Alpha','1'),(5,9,'2018-03-10','Hadir','1'),(5,18,'2018-03-10','Hadir','1'),(5,1,'2018-03-10','Hadir','1'),(5,7,'2018-03-10','Alpha','1'),(5,16,'2018-03-10','Alpha','1'),(5,19,'2018-03-10','Alpha','1'),(5,50,'2018-03-10','Hadir','1'),(5,14,'2018-03-10','Hadir','1'),(5,8,'2018-03-10','Hadir','1'),(5,4,'2018-03-10','Hadir','1'),(5,47,'2018-03-10','Alpha','1'),(5,49,'2018-03-10','Alpha','1'),(5,11,'2018-03-10','Hadir','1'),(5,23,'2018-03-10','Hadir','1'),(5,5,'2018-03-10','Hadir','1'),(5,15,'2018-03-10','Hadir','1'),(5,48,'2018-03-10','Hadir','1'),(5,13,'2018-03-10','Hadir','1'),(5,12,'2018-03-10','Hadir','1'),(5,44,'2018-03-10','Alpha','1'),(5,45,'2018-03-10','Alpha','1'),(5,20,'2018-03-10','Alpha','1'),(5,6,'2018-03-10','Hadir','1'),(6,22,'2018-03-17','Alpha','4'),(6,3,'2018-03-17','Alpha','4'),(6,21,'2018-03-17','Hadir','4'),(6,10,'2018-03-17','Hadir','4'),(6,46,'2018-03-17','Alpha','4'),(6,9,'2018-03-17','Hadir','4'),(6,18,'2018-03-17','Alpha','4'),(6,1,'2018-03-17','Hadir','4'),(6,7,'2018-03-17','Hadir','4'),(6,16,'2018-03-17','Hadir','4'),(6,19,'2018-03-17','Alpha','4'),(6,50,'2018-03-17','Hadir','4'),(6,14,'2018-03-17','Hadir','4'),(6,8,'2018-03-17','Hadir','4'),(6,4,'2018-03-17','Hadir','4'),(6,47,'2018-03-17','Alpha','4'),(6,49,'2018-03-17','Hadir','4'),(6,11,'2018-03-17','Alpha','4'),(6,23,'2018-03-17','Hadir','4'),(6,5,'2018-03-17','Alpha','4'),(6,15,'2018-03-17','Hadir','4'),(6,48,'2018-03-17','Hadir','4'),(6,13,'2018-03-17','Hadir','4'),(6,12,'2018-03-17','Hadir','4'),(6,44,'2018-03-17','Hadir','4'),(6,45,'2018-03-17','Alpha','4'),(6,20,'2018-03-17','Alpha','4'),(6,6,'2018-03-17','Hadir','4'),(7,22,'2018-03-24','Hadir','1'),(7,3,'2018-03-24','Hadir','1'),(7,21,'2018-03-24','Hadir','1'),(7,10,'2018-03-24','Hadir','1'),(7,46,'2018-03-24','Alpha','1'),(7,9,'2018-03-24','Hadir','1'),(7,52,'2018-03-24','Alpha','1'),(7,18,'2018-03-24','Alpha','1'),(7,1,'2018-03-24','Hadir','1'),(7,7,'2018-03-24','Hadir','1'),(7,16,'2018-03-24','Alpha','1'),(7,19,'2018-03-24','Alpha','1'),(7,50,'2018-03-24','Alpha','1'),(7,14,'2018-03-24','Hadir','1'),(7,8,'2018-03-24','Hadir','1'),(7,4,'2018-03-24','Hadir','1'),(7,47,'2018-03-24','Alpha','1'),(7,53,'2018-03-24','Hadir','1'),(7,49,'2018-03-24','Alpha','1'),(7,11,'2018-03-24','Hadir','1'),(7,23,'2018-03-24','Hadir','1'),(7,5,'2018-03-24','Alpha','1'),(7,15,'2018-03-24','Hadir','1'),(7,48,'2018-03-24','Hadir','1'),(7,13,'2018-03-24','Alpha','1'),(7,12,'2018-03-24','Hadir','1'),(7,44,'2018-03-24','Alpha','1'),(7,45,'2018-03-24','Alpha','1'),(7,20,'2018-03-24','Alpha','1'),(7,6,'2018-03-24','Hadir','1'),(8,22,'2018-03-31','Hadir','4'),(8,3,'2018-03-31','Hadir','4'),(8,54,'2018-03-31','Hadir','4'),(8,21,'2018-03-31','Hadir','4'),(8,10,'2018-03-31','Alpha','4'),(8,46,'2018-03-31','Hadir','4'),(8,9,'2018-03-31','Alpha','4'),(8,18,'2018-03-31','Alpha','4'),(8,1,'2018-03-31','Hadir','4'),(8,7,'2018-03-31','Hadir','4'),(8,16,'2018-03-31','Alpha','4'),(8,19,'2018-03-31','Hadir','4'),(8,50,'2018-03-31','Alpha','4'),(8,14,'2018-03-31','Hadir','4'),(8,8,'2018-03-31','Alpha','4'),(8,4,'2018-03-31','Hadir','4'),(8,47,'2018-03-31','Hadir','4'),(8,53,'2018-03-31','Alpha','4'),(8,49,'2018-03-31','Alpha','4'),(8,11,'2018-03-31','Hadir','4'),(8,23,'2018-03-31','Alpha','4'),(8,5,'2018-03-31','Hadir','4'),(8,15,'2018-03-31','Hadir','4'),(8,48,'2018-03-31','Alpha','4'),(8,13,'2018-03-31','Hadir','4'),(8,12,'2018-03-31','Hadir','4'),(8,44,'2018-03-31','Alpha','4'),(8,45,'2018-03-31','Hadir','4'),(8,20,'2018-03-31','Alpha','4'),(8,6,'2018-03-31','Hadir','4'),(9,22,'2018-04-07','Alpha','1'),(9,3,'2018-04-07','Hadir','1'),(9,54,'2018-04-07','Alpha','1'),(9,21,'2018-04-07','Hadir','1'),(9,10,'2018-04-07','Hadir','1'),(9,46,'2018-04-07','Alpha','1'),(9,55,'2018-04-07','Hadir','1'),(9,9,'2018-04-07','Hadir','1'),(9,18,'2018-04-07','Alpha','1'),(9,1,'2018-04-07','Hadir','1'),(9,7,'2018-04-07','Hadir','1'),(9,16,'2018-04-07','Hadir','1'),(9,19,'2018-04-07','Alpha','1'),(9,50,'2018-04-07','Alpha','1'),(9,14,'2018-04-07','Hadir','1'),(9,8,'2018-04-07','Alpha','1'),(9,4,'2018-04-07','Alpha','1'),(9,47,'2018-04-07','Alpha','1'),(9,53,'2018-04-07','Hadir','1'),(9,49,'2018-04-07','Alpha','1'),(9,11,'2018-04-07','Hadir','1'),(9,23,'2018-04-07','Hadir','1'),(9,5,'2018-04-07','Hadir','1'),(9,15,'2018-04-07','Hadir','1'),(9,48,'2018-04-07','Alpha','1'),(9,13,'2018-04-07','Alpha','1'),(9,12,'2018-04-07','Hadir','1'),(9,44,'2018-04-07','Hadir','1'),(9,45,'2018-04-07','Alpha','1'),(9,20,'2018-04-07','Alpha','1'),(9,6,'2018-04-07','Hadir','1'),(10,22,'2018-04-14','Hadir','1'),(10,3,'2018-04-14','Hadir','1'),(10,54,'2018-04-14','Alpha','1'),(10,21,'2018-04-14','Alpha','1'),(10,10,'2018-04-14','Hadir','1'),(10,46,'2018-04-14','Alpha','1'),(10,55,'2018-04-14','Alpha','1'),(10,9,'2018-04-14','Alpha','1'),(10,18,'2018-04-14','Alpha','1'),(10,1,'2018-04-14','Hadir','1'),(10,7,'2018-04-14','Alpha','1'),(10,16,'2018-04-14','Alpha','1'),(10,19,'2018-04-14','Hadir','1'),(10,50,'2018-04-14','Alpha','1'),(10,14,'2018-04-14','Hadir','1'),(10,8,'2018-04-14','Hadir','1'),(10,4,'2018-04-14','Hadir','1'),(10,47,'2018-04-14','Hadir','1'),(10,53,'2018-04-14','Alpha','1'),(10,49,'2018-04-14','Alpha','1'),(10,11,'2018-04-14','Hadir','1'),(10,23,'2018-04-14','Alpha','1'),(10,5,'2018-04-14','Alpha','1'),(10,15,'2018-04-14','Hadir','1'),(10,48,'2018-04-14','Alpha','1'),(10,13,'2018-04-14','Hadir','1'),(10,12,'2018-04-14','Hadir','1'),(10,44,'2018-04-14','Hadir','1'),(10,56,'2018-04-14','Hadir','1'),(10,45,'2018-04-14','Alpha','1'),(10,20,'2018-04-14','Alpha','1'),(10,6,'2018-04-14','Hadir','1'),(11,22,'2018-06-23','Hadir','1'),(11,3,'2018-06-23','Hadir','1'),(11,54,'2018-06-23','Hadir','1'),(11,21,'2018-06-23','Alpha','1'),(11,10,'2018-06-23','Alpha','1'),(11,46,'2018-06-23','Alpha','1'),(11,55,'2018-06-23','Alpha','1'),(11,9,'2018-06-23','Alpha','1'),(11,18,'2018-06-23','Alpha','1'),(11,1,'2018-06-23','Hadir','1'),(11,7,'2018-06-23','Hadir','1'),(11,16,'2018-06-23','Alpha','1'),(11,19,'2018-06-23','Alpha','1'),(11,50,'2018-06-23','Alpha','1'),(11,14,'2018-06-23','Alpha','1'),(11,8,'2018-06-23','Hadir','1'),(11,4,'2018-06-23','Hadir','1'),(11,47,'2018-06-23','Alpha','1'),(11,53,'2018-06-23','Alpha','1'),(11,49,'2018-06-23','Alpha','1'),(11,11,'2018-06-23','Alpha','1'),(11,23,'2018-06-23','Alpha','1'),(11,5,'2018-06-23','Alpha','1'),(11,15,'2018-06-23','Alpha','1'),(11,48,'2018-06-23','Alpha','1'),(11,13,'2018-06-23','Alpha','1'),(11,12,'2018-06-23','Alpha','1'),(11,44,'2018-06-23','Hadir','1'),(11,56,'2018-06-23','Alpha','1'),(11,45,'2018-06-23','Alpha','1'),(11,20,'2018-06-23','Alpha','1'),(11,6,'2018-06-23','Hadir','1'),(12,22,'2018-06-30','Alpha','3'),(12,3,'2018-06-30','Hadir','3'),(12,54,'2018-06-30','Alpha','3'),(12,21,'2018-06-30','Hadir','3'),(12,10,'2018-06-30','Hadir','3'),(12,46,'2018-06-30','Hadir','3'),(12,55,'2018-06-30','Alpha','3'),(12,9,'2018-06-30','Hadir','3'),(12,18,'2018-06-30','Alpha','3'),(12,1,'2018-06-30','Alpha','3'),(12,7,'2018-06-30','Alpha','3'),(12,16,'2018-06-30','Alpha','3'),(12,19,'2018-06-30','Alpha','3'),(12,50,'2018-06-30','Alpha','3'),(12,14,'2018-06-30','Hadir','3'),(12,8,'2018-06-30','Alpha','3'),(12,4,'2018-06-30','Alpha','3'),(12,47,'2018-06-30','Alpha','3'),(12,53,'2018-06-30','Alpha','3'),(12,49,'2018-06-30','Alpha','3'),(12,11,'2018-06-30','Alpha','3'),(12,23,'2018-06-30','Alpha','3'),(12,5,'2018-06-30','Alpha','3'),(12,15,'2018-06-30','Hadir','3'),(12,48,'2018-06-30','Alpha','3'),(12,13,'2018-06-30','Alpha','3'),(12,12,'2018-06-30','Alpha','3'),(12,44,'2018-06-30','Alpha','3'),(12,56,'2018-06-30','Alpha','3'),(12,45,'2018-06-30','Alpha','3'),(12,20,'2018-06-30','Alpha','3'),(12,6,'2018-06-30','Hadir','3'),(1,57,'2018-02-10','Hadir','1'),(2,57,'2018-02-17','Hadir','2'),(3,57,'2018-02-24','Hadir','3'),(4,57,'2018-03-03','Hadir','4'),(5,57,'2018-03-10','Hadir','1'),(6,57,'2018-03-17','Hadir','4'),(7,57,'2018-03-24','Hadir','1'),(8,57,'2018-03-31','Hadir','4'),(9,57,'2018-04-07','Hadir','1'),(10,57,'2018-04-14','Hadir','1'),(11,57,'2018-06-23','Alpha','1'),(12,57,'2018-06-30','Hadir','3'),(13,22,'2018-07-06','Hadir','1'),(13,3,'2018-07-06','Alpha','1'),(13,54,'2018-07-06','Hadir','1'),(13,21,'2018-07-06','Alpha','1'),(13,10,'2018-07-06','Hadir','1'),(13,46,'2018-07-06','Alpha','1'),(13,55,'2018-07-06','Alpha','1'),(13,9,'2018-07-06','Hadir','1'),(13,18,'2018-07-06','Alpha','1'),(13,1,'2018-07-06','Hadir','1'),(13,7,'2018-07-06','Hadir','1'),(13,16,'2018-07-06','Alpha','1'),(13,19,'2018-07-06','Alpha','1'),(13,50,'2018-07-06','Alpha','1'),(13,57,'2018-07-06','Alpha','1'),(13,8,'2018-07-06','Alpha','1'),(13,4,'2018-07-06','Hadir','1'),(13,47,'2018-07-06','Alpha','1'),(13,53,'2018-07-06','Alpha','1'),(13,49,'2018-07-06','Alpha','1'),(13,11,'2018-07-06','Hadir','1'),(13,23,'2018-07-06','Hadir','1'),(13,5,'2018-07-06','Alpha','1'),(13,15,'2018-07-06','Alpha','1'),(13,48,'2018-07-06','Alpha','1'),(13,13,'2018-07-06','Alpha','1'),(13,12,'2018-07-06','Alpha','1'),(13,44,'2018-07-06','Alpha','1'),(13,56,'2018-07-06','Alpha','1'),(13,45,'2018-07-06','Alpha','1'),(13,20,'2018-07-06','Alpha','1'),(13,6,'2018-07-06','Hadir','1'),(14,22,'2018-07-21','Alpha','4'),(14,3,'2018-07-21','Hadir','4'),(14,54,'2018-07-21','Alpha','4'),(14,21,'2018-07-21','Alpha','4'),(14,10,'2018-07-21','Hadir','4'),(14,46,'2018-07-21','Alpha','4'),(14,55,'2018-07-21','Alpha','4'),(14,9,'2018-07-21','Alpha','4'),(14,18,'2018-07-21','Alpha','4'),(14,1,'2018-07-21','Hadir','4'),(14,7,'2018-07-21','Hadir','4'),(14,16,'2018-07-21','Hadir','4'),(14,19,'2018-07-21','Alpha','4'),(14,50,'2018-07-21','Alpha','4'),(14,57,'2018-07-21','Alpha','4'),(14,8,'2018-07-21','Hadir','4'),(14,4,'2018-07-21','Hadir','4'),(14,47,'2018-07-21','Alpha','4'),(14,53,'2018-07-21','Alpha','4'),(14,49,'2018-07-21','Alpha','4'),(14,11,'2018-07-21','Alpha','4'),(14,23,'2018-07-21','Alpha','4'),(14,5,'2018-07-21','Alpha','4'),(14,15,'2018-07-21','Alpha','4'),(14,48,'2018-07-21','Alpha','4'),(14,13,'2018-07-21','Alpha','4'),(14,12,'2018-07-21','Alpha','4'),(14,44,'2018-07-21','Hadir','4'),(14,56,'2018-07-21','Hadir','4'),(14,45,'2018-07-21','Alpha','4'),(14,20,'2018-07-21','Alpha','4'),(14,6,'2018-07-21','Hadir','4'),(15,22,'2018-08-25','Alpha','4'),(15,3,'2018-08-25','Hadir','4'),(15,54,'2018-08-25','Hadir','4'),(15,21,'2018-08-25','Hadir','4'),(15,10,'2018-08-25','Hadir','4'),(15,46,'2018-08-25','Alpha','4'),(15,55,'2018-08-25','Hadir','4'),(15,9,'2018-08-25','Alpha','4'),(15,18,'2018-08-25','Alpha','4'),(15,1,'2018-08-25','Hadir','4'),(15,7,'2018-08-25','Hadir','4'),(15,16,'2018-08-25','Hadir','4'),(15,19,'2018-08-25','Alpha','4'),(15,50,'2018-08-25','Alpha','4'),(15,57,'2018-08-25','Hadir','4'),(15,8,'2018-08-25','Hadir','4'),(15,4,'2018-08-25','Hadir','4'),(15,47,'2018-08-25','Alpha','4'),(15,53,'2018-08-25','Alpha','4'),(15,49,'2018-08-25','Alpha','4'),(15,11,'2018-08-25','Alpha','4'),(15,23,'2018-08-25','Alpha','4'),(15,5,'2018-08-25','Alpha','4'),(15,15,'2018-08-25','Hadir','4'),(15,48,'2018-08-25','Alpha','4'),(15,13,'2018-08-25','Alpha','4'),(15,12,'2018-08-25','Alpha','4'),(15,44,'2018-08-25','Hadir','4'),(15,56,'2018-08-25','Alpha','4'),(15,45,'2018-08-25','Alpha','4'),(15,20,'2018-08-25','Alpha','4'),(15,6,'2018-08-25','Hadir','4'),(16,22,'2018-09-29','Alpha','1'),(16,3,'2018-09-29','Hadir','1'),(16,54,'2018-09-29','Alpha','1'),(16,21,'2018-09-29','Hadir','1'),(16,10,'2018-09-29','Alpha','1'),(16,46,'2018-09-29','Alpha','1'),(16,55,'2018-09-29','Alpha','1'),(16,9,'2018-09-29','Alpha','1'),(16,18,'2018-09-29','Alpha','1'),(16,1,'2018-09-29','Hadir','1'),(16,7,'2018-09-29','Hadir','1'),(16,16,'2018-09-29','Alpha','1'),(16,19,'2018-09-29','Alpha','1'),(16,50,'2018-09-29','Alpha','1'),(16,57,'2018-09-29','Hadir','1'),(16,8,'2018-09-29','Hadir','1'),(16,4,'2018-09-29','Alpha','1'),(16,47,'2018-09-29','Alpha','1'),(16,53,'2018-09-29','Alpha','1'),(16,49,'2018-09-29','Alpha','1'),(16,11,'2018-09-29','Alpha','1'),(16,23,'2018-09-29','Alpha','1'),(16,5,'2018-09-29','Alpha','1'),(16,15,'2018-09-29','Alpha','1'),(16,48,'2018-09-29','Alpha','1'),(16,13,'2018-09-29','Alpha','1'),(16,12,'2018-09-29','Alpha','1'),(16,44,'2018-09-29','Alpha','1'),(16,56,'2018-09-29','Alpha','1'),(16,45,'2018-09-29','Alpha','1'),(16,20,'2018-09-29','Alpha','1'),(16,6,'2018-09-29','Hadir','1'),(17,22,'2018-10-13','Alpha','2'),(17,3,'2018-10-13','Alpha','2'),(17,54,'2018-10-13','Alpha','2'),(17,21,'2018-10-13','Alpha','2'),(17,10,'2018-10-13','Hadir','2'),(17,46,'2018-10-13','Alpha','2'),(17,55,'2018-10-13','Alpha','2'),(17,9,'2018-10-13','Alpha','2'),(17,18,'2018-10-13','Alpha','2'),(17,1,'2018-10-13','Hadir','2'),(17,7,'2018-10-13','Alpha','2'),(17,16,'2018-10-13','Alpha','2'),(17,19,'2018-10-13','Alpha','2'),(17,50,'2018-10-13','Alpha','2'),(17,57,'2018-10-13','Hadir','2'),(17,8,'2018-10-13','Hadir','2'),(17,4,'2018-10-13','Alpha','2'),(17,47,'2018-10-13','Alpha','2'),(17,53,'2018-10-13','Alpha','2'),(17,49,'2018-10-13','Alpha','2'),(17,11,'2018-10-13','Alpha','2'),(17,23,'2018-10-13','Alpha','2'),(17,5,'2018-10-13','Hadir','2'),(17,15,'2018-10-13','Alpha','2'),(17,48,'2018-10-13','Alpha','2'),(17,13,'2018-10-13','Alpha','2'),(17,12,'2018-10-13','Alpha','2'),(17,44,'2018-10-13','Hadir','2'),(17,56,'2018-10-13','Alpha','2'),(17,45,'2018-10-13','Alpha','2'),(17,20,'2018-10-13','Alpha','2'),(17,6,'2018-10-13','Hadir','2'),(18,22,'2018-10-20','Alpha','3'),(18,3,'2018-10-20','Alpha','3'),(18,54,'2018-10-20','Alpha','3'),(18,21,'2018-10-20','Hadir','3'),(18,10,'2018-10-20','Alpha','3'),(18,46,'2018-10-20','Alpha','3'),(18,55,'2018-10-20','Alpha','3'),(18,9,'2018-10-20','Alpha','3'),(18,18,'2018-10-20','Alpha','3'),(18,1,'2018-10-20','Hadir','3'),(18,7,'2018-10-20','Alpha','3'),(18,16,'2018-10-20','Alpha','3'),(18,19,'2018-10-20','Alpha','3'),(18,50,'2018-10-20','Alpha','3'),(18,57,'2018-10-20','Hadir','3'),(18,8,'2018-10-20','Alpha','3'),(18,4,'2018-10-20','Alpha','3'),(18,47,'2018-10-20','Alpha','3'),(18,53,'2018-10-20','Alpha','3'),(18,49,'2018-10-20','Alpha','3'),(18,11,'2018-10-20','Alpha','3'),(18,23,'2018-10-20','Alpha','3'),(18,5,'2018-10-20','Alpha','3'),(18,15,'2018-10-20','Alpha','3'),(18,48,'2018-10-20','Alpha','3'),(18,13,'2018-10-20','Alpha','3'),(18,12,'2018-10-20','Alpha','3'),(18,44,'2018-10-20','Alpha','3'),(18,56,'2018-10-20','Alpha','3'),(18,45,'2018-10-20','Alpha','3'),(18,20,'2018-10-20','Alpha','3'),(18,6,'2018-10-20','Hadir','3'),(19,22,'2018-11-03','Alpha','1'),(19,3,'2018-11-03','Alpha','1'),(19,54,'2018-11-03','Alpha','1'),(19,21,'2018-11-03','Hadir','1'),(19,10,'2018-11-03','Alpha','1'),(19,46,'2018-11-03','Alpha','1'),(19,55,'2018-11-03','Alpha','1'),(19,9,'2018-11-03','Alpha','1'),(19,18,'2018-11-03','Alpha','1'),(19,1,'2018-11-03','Hadir','1'),(19,7,'2018-11-03','Hadir','1'),(19,16,'2018-11-03','Alpha','1'),(19,19,'2018-11-03','Alpha','1'),(19,50,'2018-11-03','Alpha','1'),(19,57,'2018-11-03','Hadir','1'),(19,8,'2018-11-03','Alpha','1'),(19,4,'2018-11-03','Alpha','1'),(19,47,'2018-11-03','Alpha','1'),(19,53,'2018-11-03','Alpha','1'),(19,49,'2018-11-03','Alpha','1'),(19,11,'2018-11-03','Alpha','1'),(19,23,'2018-11-03','Alpha','1'),(19,5,'2018-11-03','Alpha','1'),(19,15,'2018-11-03','Alpha','1'),(19,48,'2018-11-03','Alpha','1'),(19,13,'2018-11-03','Alpha','1'),(19,12,'2018-11-03','Alpha','1'),(19,44,'2018-11-03','Alpha','1'),(19,56,'2018-11-03','Alpha','1'),(19,45,'2018-11-03','Alpha','1'),(19,20,'2018-11-03','Alpha','1'),(19,6,'2018-11-03','Hadir','1'),(20,22,'2018-10-27','Alpha','4'),(20,3,'2018-10-27','Alpha','4'),(20,54,'2018-10-27','Alpha','4'),(20,21,'2018-10-27','Alpha','4'),(20,10,'2018-10-27','Alpha','4'),(20,46,'2018-10-27','Alpha','4'),(20,55,'2018-10-27','Alpha','4'),(20,9,'2018-10-27','Alpha','4'),(20,18,'2018-10-27','Alpha','4'),(20,1,'2018-10-27','Hadir','4'),(20,7,'2018-10-27','Alpha','4'),(20,16,'2018-10-27','Alpha','4'),(20,19,'2018-10-27','Alpha','4'),(20,50,'2018-10-27','Alpha','4'),(20,57,'2018-10-27','Hadir','4'),(20,8,'2018-10-27','Alpha','4'),(20,4,'2018-10-27','Alpha','4'),(20,47,'2018-10-27','Alpha','4'),(20,53,'2018-10-27','Alpha','4'),(20,49,'2018-10-27','Alpha','4'),(20,11,'2018-10-27','Alpha','4'),(20,23,'2018-10-27','Alpha','4'),(20,5,'2018-10-27','Hadir','4'),(20,15,'2018-10-27','Hadir','4'),(20,48,'2018-10-27','Alpha','4'),(20,13,'2018-10-27','Alpha','4'),(20,12,'2018-10-27','Alpha','4'),(20,44,'2018-10-27','Alpha','4'),(20,56,'2018-10-27','Alpha','4'),(20,45,'2018-10-27','Alpha','4'),(20,20,'2018-10-27','Alpha','4'),(20,6,'2018-10-27','Hadir','4');

#
# Structure for table "tbl_muhadir"
#

DROP TABLE IF EXISTS `tbl_muhadir`;
CREATE TABLE `tbl_muhadir` (
  `id_muhadir` int(11) NOT NULL AUTO_INCREMENT,
  `muhadir` varchar(255) NOT NULL DEFAULT '',
  PRIMARY KEY (`id_muhadir`)
) ENGINE=InnoDB AUTO_INCREMENT=5 DEFAULT CHARSET=latin1;

#
# Data for table "tbl_muhadir"
#

INSERT INTO `tbl_muhadir` VALUES (1,'Abi Indra'),(2,'Abi Undang'),(3,'Ustadz Samsu'),(4,'Abi Ali');
